"","Dataset","Num Data Points","Accuracy","Precision","F1 Score"
"1","Original Data",333,0.993993993993994,1,0.993103448275862
"2","Artificial Data",6000,0.995,0.989578163771712,0.993275217932752
